"Sprint 1","Sprint 2","Sprint 3","Sprint 4","Sprint 5","Sprint 6","Sprint 7"
"MON-74999",,,,,,
"MON-74819",,,,,,
"MON-75003",,,,,,
"MON-74783",,,,,,
"MON-74666",,,,,,
"MON-75001",,,,,,
"MON-115643",,,,,,
"MON-78237",,,,,,
"MON-114834",,,,,,
"MON-98175",,,,,,
"MON-72790",,,,,,
"MON-101407",,,,,,
,"MON-97254",,,,,
,"MON-114835",,,,,
,"MON-72796",,,,,
,"MON-108336",,,,,
,"MON-116116",,,,,
,"MON-74740",,,,,
,"MON-101411",,,,,
,,"MON-98007",,,,
,,"MON-102453",,,,
,,"MON-108198",,,,
,,"MON-101296",,,,
,,"MON-74669",,,,
,,"MON-101294",,,,
,,"MON-98066",,,,
,,,"MON-72810",,,
,,,"MON-98174",,,
,,,"MON-98076",,,
,,,"MON-98169",,,
,,,"MON-72794",,,
,,,"MON-76407",,,
,,,"MON-76150",,,
,,,,"MON-101292",,
,,,,"MON-84711",,
,,,,"MON-101415",,
,,,,"MON-111091",,
,,,,"MON-74742",,
,,,,,"MON-101290",
,,,,,"MON-107963",
,,,,,"MON-74672",
,,,,,"MON-98075",
,,,,,,"MON-91085"